date_key,year,month_number,month_name,day_name,week_of_year,is_weekend,quarter
2016-01-01,2016,1,January,Friday,53,False,1
2016-01-02,2016,1,January,Saturday,53,True,1
2016-01-03,2016,1,January,Sunday,53,True,1
2016-01-04,2016,1,January,Monday,1,False,1
2016-01-05,2016,1,January,Tuesday,1,False,1
2016-01-06,2016,1,January,Wednesday,1,False,1
2016-01-07,2016,1,January,Thursday,1,False,1
2016-01-08,2016,1,January,Friday,1,False,1
2016-01-09,2016,1,January,Saturday,1,True,1
2016-01-10,2016,1,January,Sunday,1,True,1
2016-01-11,2016,1,January,Monday,2,False,1
2016-01-12,2016,1,January,Tuesday,2,False,1
2016-01-13,2016,1,January,Wednesday,2,False,1
2016-01-14,2016,1,January,Thursday,2,False,1
2016-01-15,2016,1,January,Friday,2,False,1
2016-01-16,2016,1,January,Saturday,2,True,1
2016-01-17,2016,1,January,Sunday,2,True,1
2016-01-18,2016,1,January,Monday,3,False,1
2016-01-19,2016,1,January,Tuesday,3,False,1
2016-01-20,2016,1,January,Wednesday,3,False,1
2016-01-21,2016,1,January,Thursday,3,False,1
2016-01-22,2016,1,January,Friday,3,False,1
2016-01-23,2016,1,January,Saturday,3,True,1
2016-01-24,2016,1,January,Sunday,3,True,1
2016-01-25,2016,1,January,Monday,4,False,1
2016-01-26,2016,1,January,Tuesday,4,False,1
2016-01-27,2016,1,January,Wednesday,4,False,1
2016-01-28,2016,1,January,Thursday,4,False,1
2016-01-29,2016,1,January,Friday,4,False,1
2016-01-30,2016,1,January,Saturday,4,True,1
2016-01-31,2016,1,January,Sunday,4,True,1
2016-02-01,2016,2,February,Monday,5,False,1
2016-02-02,2016,2,February,Tuesday,5,False,1
2016-02-03,2016,2,February,Wednesday,5,False,1
2016-02-04,2016,2,February,Thursday,5,False,1
2016-02-05,2016,2,February,Friday,5,False,1
2016-02-06,2016,2,February,Saturday,5,True,1
2016-02-07,2016,2,February,Sunday,5,True,1
2016-02-08,2016,2,February,Monday,6,False,1
2016-02-09,2016,2,February,Tuesday,6,False,1
2016-02-10,2016,2,February,Wednesday,6,False,1
2016-02-11,2016,2,February,Thursday,6,False,1
2016-02-12,2016,2,February,Friday,6,False,1
2016-02-13,2016,2,February,Saturday,6,True,1
2016-02-14,2016,2,February,Sunday,6,True,1
2016-02-15,2016,2,February,Monday,7,False,1
2016-02-16,2016,2,February,Tuesday,7,False,1
2016-02-17,2016,2,February,Wednesday,7,False,1
2016-02-18,2016,2,February,Thursday,7,False,1
2016-02-19,2016,2,February,Friday,7,False,1
2016-02-20,2016,2,February,Saturday,7,True,1
2016-02-21,2016,2,February,Sunday,7,True,1
2016-02-22,2016,2,February,Monday,8,False,1
2016-02-23,2016,2,February,Tuesday,8,False,1
2016-02-24,2016,2,February,Wednesday,8,False,1
2016-02-25,2016,2,February,Thursday,8,False,1
2016-02-26,2016,2,February,Friday,8,False,1
2016-02-27,2016,2,February,Saturday,8,True,1
2016-02-28,2016,2,February,Sunday,8,True,1
2016-02-29,2016,2,February,Monday,9,False,1
2016-03-01,2016,3,March,Tuesday,9,False,1
2016-03-02,2016,3,March,Wednesday,9,False,1
2016-03-03,2016,3,March,Thursday,9,False,1
2016-03-04,2016,3,March,Friday,9,False,1
2016-03-05,2016,3,March,Saturday,9,True,1
2016-03-06,2016,3,March,Sunday,9,True,1
2016-03-07,2016,3,March,Monday,10,False,1
2016-03-08,2016,3,March,Tuesday,10,False,1
2016-03-09,2016,3,March,Wednesday,10,False,1
2016-03-10,2016,3,March,Thursday,10,False,1
2016-03-11,2016,3,March,Friday,10,False,1
2016-03-12,2016,3,March,Saturday,10,True,1
2016-03-13,2016,3,March,Sunday,10,True,1
2016-03-14,2016,3,March,Monday,11,False,1
2016-03-15,2016,3,March,Tuesday,11,False,1
2016-03-16,2016,3,March,Wednesday,11,False,1
2016-03-17,2016,3,March,Thursday,11,False,1
2016-03-18,2016,3,March,Friday,11,False,1
2016-03-19,2016,3,March,Saturday,11,True,1
2016-03-20,2016,3,March,Sunday,11,True,1
2016-03-21,2016,3,March,Monday,12,False,1
2016-03-22,2016,3,March,Tuesday,12,False,1
2016-03-23,2016,3,March,Wednesday,12,False,1
2016-03-24,2016,3,March,Thursday,12,False,1
2016-03-25,2016,3,March,Friday,12,False,1
2016-03-26,2016,3,March,Saturday,12,True,1
2016-03-27,2016,3,March,Sunday,12,True,1
2016-03-28,2016,3,March,Monday,13,False,1
2016-03-29,2016,3,March,Tuesday,13,False,1
2016-03-30,2016,3,March,Wednesday,13,False,1
2016-03-31,2016,3,March,Thursday,13,False,1
2016-04-01,2016,4,April,Friday,13,False,2
2016-04-02,2016,4,April,Saturday,13,True,2
2016-04-03,2016,4,April,Sunday,13,True,2
2016-04-04,2016,4,April,Monday,14,False,2
2016-04-05,2016,4,April,Tuesday,14,False,2
2016-04-06,2016,4,April,Wednesday,14,False,2
2016-04-07,2016,4,April,Thursday,14,False,2
2016-04-08,2016,4,April,Friday,14,False,2
2016-04-09,2016,4,April,Saturday,14,True,2
2016-04-10,2016,4,April,Sunday,14,True,2
2016-04-11,2016,4,April,Monday,15,False,2
2016-04-12,2016,4,April,Tuesday,15,False,2
2016-04-13,2016,4,April,Wednesday,15,False,2
2016-04-14,2016,4,April,Thursday,15,False,2
2016-04-15,2016,4,April,Friday,15,False,2
2016-04-16,2016,4,April,Saturday,15,True,2
2016-04-17,2016,4,April,Sunday,15,True,2
2016-04-18,2016,4,April,Monday,16,False,2
2016-04-19,2016,4,April,Tuesday,16,False,2
2016-04-20,2016,4,April,Wednesday,16,False,2
2016-04-21,2016,4,April,Thursday,16,False,2
2016-04-22,2016,4,April,Friday,16,False,2
2016-04-23,2016,4,April,Saturday,16,True,2
2016-04-24,2016,4,April,Sunday,16,True,2
2016-04-25,2016,4,April,Monday,17,False,2
2016-04-26,2016,4,April,Tuesday,17,False,2
2016-04-27,2016,4,April,Wednesday,17,False,2
2016-04-28,2016,4,April,Thursday,17,False,2
2016-04-29,2016,4,April,Friday,17,False,2
2016-04-30,2016,4,April,Saturday,17,True,2
2016-05-01,2016,5,May,Sunday,17,True,2
2016-05-02,2016,5,May,Monday,18,False,2
2016-05-03,2016,5,May,Tuesday,18,False,2
2016-05-04,2016,5,May,Wednesday,18,False,2
2016-05-05,2016,5,May,Thursday,18,False,2
2016-05-06,2016,5,May,Friday,18,False,2
2016-05-07,2016,5,May,Saturday,18,True,2
2016-05-08,2016,5,May,Sunday,18,True,2
2016-05-09,2016,5,May,Monday,19,False,2
2016-05-10,2016,5,May,Tuesday,19,False,2
2016-05-11,2016,5,May,Wednesday,19,False,2
2016-05-12,2016,5,May,Thursday,19,False,2
2016-05-13,2016,5,May,Friday,19,False,2
2016-05-14,2016,5,May,Saturday,19,True,2
2016-05-15,2016,5,May,Sunday,19,True,2
2016-05-16,2016,5,May,Monday,20,False,2
2016-05-17,2016,5,May,Tuesday,20,False,2
2016-05-18,2016,5,May,Wednesday,20,False,2
2016-05-19,2016,5,May,Thursday,20,False,2
2016-05-20,2016,5,May,Friday,20,False,2
2016-05-21,2016,5,May,Saturday,20,True,2
2016-05-22,2016,5,May,Sunday,20,True,2
2016-05-23,2016,5,May,Monday,21,False,2
2016-05-24,2016,5,May,Tuesday,21,False,2
2016-05-25,2016,5,May,Wednesday,21,False,2
2016-05-26,2016,5,May,Thursday,21,False,2
2016-05-27,2016,5,May,Friday,21,False,2
2016-05-28,2016,5,May,Saturday,21,True,2
2016-05-29,2016,5,May,Sunday,21,True,2
2016-05-30,2016,5,May,Monday,22,False,2
2016-05-31,2016,5,May,Tuesday,22,False,2
2016-06-01,2016,6,June,Wednesday,22,False,2
2016-06-02,2016,6,June,Thursday,22,False,2
2016-06-03,2016,6,June,Friday,22,False,2
2016-06-04,2016,6,June,Saturday,22,True,2
2016-06-05,2016,6,June,Sunday,22,True,2
2016-06-06,2016,6,June,Monday,23,False,2
2016-06-07,2016,6,June,Tuesday,23,False,2
2016-06-08,2016,6,June,Wednesday,23,False,2
2016-06-09,2016,6,June,Thursday,23,False,2
2016-06-10,2016,6,June,Friday,23,False,2
2016-06-11,2016,6,June,Saturday,23,True,2
2016-06-12,2016,6,June,Sunday,23,True,2
2016-06-13,2016,6,June,Monday,24,False,2
2016-06-14,2016,6,June,Tuesday,24,False,2
2016-06-15,2016,6,June,Wednesday,24,False,2
2016-06-16,2016,6,June,Thursday,24,False,2
2016-06-17,2016,6,June,Friday,24,False,2
2016-06-18,2016,6,June,Saturday,24,True,2
2016-06-19,2016,6,June,Sunday,24,True,2
2016-06-20,2016,6,June,Monday,25,False,2
2016-06-21,2016,6,June,Tuesday,25,False,2
2016-06-22,2016,6,June,Wednesday,25,False,2
2016-06-23,2016,6,June,Thursday,25,False,2
2016-06-24,2016,6,June,Friday,25,False,2
2016-06-25,2016,6,June,Saturday,25,True,2
2016-06-26,2016,6,June,Sunday,25,True,2
2016-06-27,2016,6,June,Monday,26,False,2
2016-06-28,2016,6,June,Tuesday,26,False,2
2016-06-29,2016,6,June,Wednesday,26,False,2
2016-06-30,2016,6,June,Thursday,26,False,2
2016-07-01,2016,7,July,Friday,26,False,3
2016-07-02,2016,7,July,Saturday,26,True,3
2016-07-03,2016,7,July,Sunday,26,True,3
2016-07-04,2016,7,July,Monday,27,False,3
2016-07-05,2016,7,July,Tuesday,27,False,3
2016-07-06,2016,7,July,Wednesday,27,False,3
2016-07-07,2016,7,July,Thursday,27,False,3
2016-07-08,2016,7,July,Friday,27,False,3
2016-07-09,2016,7,July,Saturday,27,True,3
2016-07-10,2016,7,July,Sunday,27,True,3
2016-07-11,2016,7,July,Monday,28,False,3
2016-07-12,2016,7,July,Tuesday,28,False,3
2016-07-13,2016,7,July,Wednesday,28,False,3
2016-07-14,2016,7,July,Thursday,28,False,3
2016-07-15,2016,7,July,Friday,28,False,3
2016-07-16,2016,7,July,Saturday,28,True,3
2016-07-17,2016,7,July,Sunday,28,True,3
2016-07-18,2016,7,July,Monday,29,False,3
2016-07-19,2016,7,July,Tuesday,29,False,3
2016-07-20,2016,7,July,Wednesday,29,False,3
2016-07-21,2016,7,July,Thursday,29,False,3
2016-07-22,2016,7,July,Friday,29,False,3
2016-07-23,2016,7,July,Saturday,29,True,3
2016-07-24,2016,7,July,Sunday,29,True,3
2016-07-25,2016,7,July,Monday,30,False,3
2016-07-26,2016,7,July,Tuesday,30,False,3
2016-07-27,2016,7,July,Wednesday,30,False,3
2016-07-28,2016,7,July,Thursday,30,False,3
2016-07-29,2016,7,July,Friday,30,False,3
2016-07-30,2016,7,July,Saturday,30,True,3
2016-07-31,2016,7,July,Sunday,30,True,3
2016-08-01,2016,8,August,Monday,31,False,3
2016-08-02,2016,8,August,Tuesday,31,False,3
2016-08-03,2016,8,August,Wednesday,31,False,3
2016-08-04,2016,8,August,Thursday,31,False,3
2016-08-05,2016,8,August,Friday,31,False,3
2016-08-06,2016,8,August,Saturday,31,True,3
2016-08-07,2016,8,August,Sunday,31,True,3
2016-08-08,2016,8,August,Monday,32,False,3
2016-08-09,2016,8,August,Tuesday,32,False,3
2016-08-10,2016,8,August,Wednesday,32,False,3
2016-08-11,2016,8,August,Thursday,32,False,3
2016-08-12,2016,8,August,Friday,32,False,3
2016-08-13,2016,8,August,Saturday,32,True,3
2016-08-14,2016,8,August,Sunday,32,True,3
2016-08-15,2016,8,August,Monday,33,False,3
2016-08-16,2016,8,August,Tuesday,33,False,3
2016-08-17,2016,8,August,Wednesday,33,False,3
2016-08-18,2016,8,August,Thursday,33,False,3
2016-08-19,2016,8,August,Friday,33,False,3
2016-08-20,2016,8,August,Saturday,33,True,3
2016-08-21,2016,8,August,Sunday,33,True,3
2016-08-22,2016,8,August,Monday,34,False,3
2016-08-23,2016,8,August,Tuesday,34,False,3
2016-08-24,2016,8,August,Wednesday,34,False,3
2016-08-25,2016,8,August,Thursday,34,False,3
2016-08-26,2016,8,August,Friday,34,False,3
2016-08-27,2016,8,August,Saturday,34,True,3
2016-08-28,2016,8,August,Sunday,34,True,3
2016-08-29,2016,8,August,Monday,35,False,3
2016-08-30,2016,8,August,Tuesday,35,False,3
2016-08-31,2016,8,August,Wednesday,35,False,3
2016-09-01,2016,9,September,Thursday,35,False,3
2016-09-02,2016,9,September,Friday,35,False,3
2016-09-03,2016,9,September,Saturday,35,True,3
2016-09-04,2016,9,September,Sunday,35,True,3
2016-09-05,2016,9,September,Monday,36,False,3
2016-09-06,2016,9,September,Tuesday,36,False,3
2016-09-07,2016,9,September,Wednesday,36,False,3
2016-09-08,2016,9,September,Thursday,36,False,3
2016-09-09,2016,9,September,Friday,36,False,3
2016-09-10,2016,9,September,Saturday,36,True,3
2016-09-11,2016,9,September,Sunday,36,True,3
2016-09-12,2016,9,September,Monday,37,False,3
2016-09-13,2016,9,September,Tuesday,37,False,3
2016-09-14,2016,9,September,Wednesday,37,False,3
2016-09-15,2016,9,September,Thursday,37,False,3
2016-09-16,2016,9,September,Friday,37,False,3
2016-09-17,2016,9,September,Saturday,37,True,3
2016-09-18,2016,9,September,Sunday,37,True,3
2016-09-19,2016,9,September,Monday,38,False,3
2016-09-20,2016,9,September,Tuesday,38,False,3
2016-09-21,2016,9,September,Wednesday,38,False,3
2016-09-22,2016,9,September,Thursday,38,False,3
2016-09-23,2016,9,September,Friday,38,False,3
2016-09-24,2016,9,September,Saturday,38,True,3
2016-09-25,2016,9,September,Sunday,38,True,3
2016-09-26,2016,9,September,Monday,39,False,3
2016-09-27,2016,9,September,Tuesday,39,False,3
2016-09-28,2016,9,September,Wednesday,39,False,3
2016-09-29,2016,9,September,Thursday,39,False,3
2016-09-30,2016,9,September,Friday,39,False,3
2016-10-01,2016,10,October,Saturday,39,True,4
2016-10-02,2016,10,October,Sunday,39,True,4
2016-10-03,2016,10,October,Monday,40,False,4
2016-10-04,2016,10,October,Tuesday,40,False,4
2016-10-05,2016,10,October,Wednesday,40,False,4
2016-10-06,2016,10,October,Thursday,40,False,4
2016-10-07,2016,10,October,Friday,40,False,4
2016-10-08,2016,10,October,Saturday,40,True,4
2016-10-09,2016,10,October,Sunday,40,True,4
2016-10-10,2016,10,October,Monday,41,False,4
2016-10-11,2016,10,October,Tuesday,41,False,4
2016-10-12,2016,10,October,Wednesday,41,False,4
2016-10-13,2016,10,October,Thursday,41,False,4
2016-10-14,2016,10,October,Friday,41,False,4
2016-10-15,2016,10,October,Saturday,41,True,4
2016-10-16,2016,10,October,Sunday,41,True,4
2016-10-17,2016,10,October,Monday,42,False,4
2016-10-18,2016,10,October,Tuesday,42,False,4
2016-10-19,2016,10,October,Wednesday,42,False,4
2016-10-20,2016,10,October,Thursday,42,False,4
2016-10-21,2016,10,October,Friday,42,False,4
2016-10-22,2016,10,October,Saturday,42,True,4
2016-10-23,2016,10,October,Sunday,42,True,4
2016-10-24,2016,10,October,Monday,43,False,4
2016-10-25,2016,10,October,Tuesday,43,False,4
2016-10-26,2016,10,October,Wednesday,43,False,4
2016-10-27,2016,10,October,Thursday,43,False,4
2016-10-28,2016,10,October,Friday,43,False,4
2016-10-29,2016,10,October,Saturday,43,True,4
2016-10-30,2016,10,October,Sunday,43,True,4
2016-10-31,2016,10,October,Monday,44,False,4
2016-11-01,2016,11,November,Tuesday,44,False,4
2016-11-02,2016,11,November,Wednesday,44,False,4
2016-11-03,2016,11,November,Thursday,44,False,4
2016-11-04,2016,11,November,Friday,44,False,4
2016-11-05,2016,11,November,Saturday,44,True,4
2016-11-06,2016,11,November,Sunday,44,True,4
2016-11-07,2016,11,November,Monday,45,False,4
2016-11-08,2016,11,November,Tuesday,45,False,4
2016-11-09,2016,11,November,Wednesday,45,False,4
2016-11-10,2016,11,November,Thursday,45,False,4
2016-11-11,2016,11,November,Friday,45,False,4
2016-11-12,2016,11,November,Saturday,45,True,4
2016-11-13,2016,11,November,Sunday,45,True,4
2016-11-14,2016,11,November,Monday,46,False,4
2016-11-15,2016,11,November,Tuesday,46,False,4
2016-11-16,2016,11,November,Wednesday,46,False,4
2016-11-17,2016,11,November,Thursday,46,False,4
2016-11-18,2016,11,November,Friday,46,False,4
2016-11-19,2016,11,November,Saturday,46,True,4
2016-11-20,2016,11,November,Sunday,46,True,4
2016-11-21,2016,11,November,Monday,47,False,4
2016-11-22,2016,11,November,Tuesday,47,False,4
2016-11-23,2016,11,November,Wednesday,47,False,4
2016-11-24,2016,11,November,Thursday,47,False,4
2016-11-25,2016,11,November,Friday,47,False,4
2016-11-26,2016,11,November,Saturday,47,True,4
2016-11-27,2016,11,November,Sunday,47,True,4
2016-11-28,2016,11,November,Monday,48,False,4
2016-11-29,2016,11,November,Tuesday,48,False,4
2016-11-30,2016,11,November,Wednesday,48,False,4
2016-12-01,2016,12,December,Thursday,48,False,4
2016-12-02,2016,12,December,Friday,48,False,4
2016-12-03,2016,12,December,Saturday,48,True,4
2016-12-04,2016,12,December,Sunday,48,True,4
2016-12-05,2016,12,December,Monday,49,False,4
2016-12-06,2016,12,December,Tuesday,49,False,4
2016-12-07,2016,12,December,Wednesday,49,False,4
2016-12-08,2016,12,December,Thursday,49,False,4
2016-12-09,2016,12,December,Friday,49,False,4
2016-12-10,2016,12,December,Saturday,49,True,4
2016-12-11,2016,12,December,Sunday,49,True,4
2016-12-12,2016,12,December,Monday,50,False,4
2016-12-13,2016,12,December,Tuesday,50,False,4
2016-12-14,2016,12,December,Wednesday,50,False,4
2016-12-15,2016,12,December,Thursday,50,False,4
2016-12-16,2016,12,December,Friday,50,False,4
2016-12-17,2016,12,December,Saturday,50,True,4
2016-12-18,2016,12,December,Sunday,50,True,4
2016-12-19,2016,12,December,Monday,51,False,4
2016-12-20,2016,12,December,Tuesday,51,False,4
2016-12-21,2016,12,December,Wednesday,51,False,4
2016-12-22,2016,12,December,Thursday,51,False,4
2016-12-23,2016,12,December,Friday,51,False,4
2016-12-24,2016,12,December,Saturday,51,True,4
2016-12-25,2016,12,December,Sunday,51,True,4
2016-12-26,2016,12,December,Monday,52,False,4
2016-12-27,2016,12,December,Tuesday,52,False,4
2016-12-28,2016,12,December,Wednesday,52,False,4
2016-12-29,2016,12,December,Thursday,52,False,4
2016-12-30,2016,12,December,Friday,52,False,4
2016-12-31,2016,12,December,Saturday,52,True,4
2017-01-01,2017,1,January,Sunday,52,True,1
2017-01-02,2017,1,January,Monday,1,False,1
2017-01-03,2017,1,January,Tuesday,1,False,1
2017-01-04,2017,1,January,Wednesday,1,False,1
2017-01-05,2017,1,January,Thursday,1,False,1
2017-01-06,2017,1,January,Friday,1,False,1
2017-01-07,2017,1,January,Saturday,1,True,1
2017-01-08,2017,1,January,Sunday,1,True,1
2017-01-09,2017,1,January,Monday,2,False,1
2017-01-10,2017,1,January,Tuesday,2,False,1
2017-01-11,2017,1,January,Wednesday,2,False,1
2017-01-12,2017,1,January,Thursday,2,False,1
2017-01-13,2017,1,January,Friday,2,False,1
2017-01-14,2017,1,January,Saturday,2,True,1
2017-01-15,2017,1,January,Sunday,2,True,1
2017-01-16,2017,1,January,Monday,3,False,1
2017-01-17,2017,1,January,Tuesday,3,False,1
2017-01-18,2017,1,January,Wednesday,3,False,1
2017-01-19,2017,1,January,Thursday,3,False,1
2017-01-20,2017,1,January,Friday,3,False,1
2017-01-21,2017,1,January,Saturday,3,True,1
2017-01-22,2017,1,January,Sunday,3,True,1
2017-01-23,2017,1,January,Monday,4,False,1
2017-01-24,2017,1,January,Tuesday,4,False,1
2017-01-25,2017,1,January,Wednesday,4,False,1
2017-01-26,2017,1,January,Thursday,4,False,1
2017-01-27,2017,1,January,Friday,4,False,1
2017-01-28,2017,1,January,Saturday,4,True,1
2017-01-29,2017,1,January,Sunday,4,True,1
2017-01-30,2017,1,January,Monday,5,False,1
2017-01-31,2017,1,January,Tuesday,5,False,1
2017-02-01,2017,2,February,Wednesday,5,False,1
2017-02-02,2017,2,February,Thursday,5,False,1
2017-02-03,2017,2,February,Friday,5,False,1
2017-02-04,2017,2,February,Saturday,5,True,1
2017-02-05,2017,2,February,Sunday,5,True,1
2017-02-06,2017,2,February,Monday,6,False,1
2017-02-07,2017,2,February,Tuesday,6,False,1
2017-02-08,2017,2,February,Wednesday,6,False,1
2017-02-09,2017,2,February,Thursday,6,False,1
2017-02-10,2017,2,February,Friday,6,False,1
2017-02-11,2017,2,February,Saturday,6,True,1
2017-02-12,2017,2,February,Sunday,6,True,1
2017-02-13,2017,2,February,Monday,7,False,1
2017-02-14,2017,2,February,Tuesday,7,False,1
2017-02-15,2017,2,February,Wednesday,7,False,1
2017-02-16,2017,2,February,Thursday,7,False,1
2017-02-17,2017,2,February,Friday,7,False,1
2017-02-18,2017,2,February,Saturday,7,True,1
2017-02-19,2017,2,February,Sunday,7,True,1
2017-02-20,2017,2,February,Monday,8,False,1
2017-02-21,2017,2,February,Tuesday,8,False,1
2017-02-22,2017,2,February,Wednesday,8,False,1
2017-02-23,2017,2,February,Thursday,8,False,1
2017-02-24,2017,2,February,Friday,8,False,1
2017-02-25,2017,2,February,Saturday,8,True,1
2017-02-26,2017,2,February,Sunday,8,True,1
2017-02-27,2017,2,February,Monday,9,False,1
2017-02-28,2017,2,February,Tuesday,9,False,1
2017-03-01,2017,3,March,Wednesday,9,False,1
2017-03-02,2017,3,March,Thursday,9,False,1
2017-03-03,2017,3,March,Friday,9,False,1
2017-03-04,2017,3,March,Saturday,9,True,1
2017-03-05,2017,3,March,Sunday,9,True,1
2017-03-06,2017,3,March,Monday,10,False,1
2017-03-07,2017,3,March,Tuesday,10,False,1
2017-03-08,2017,3,March,Wednesday,10,False,1
2017-03-09,2017,3,March,Thursday,10,False,1
2017-03-10,2017,3,March,Friday,10,False,1
2017-03-11,2017,3,March,Saturday,10,True,1
2017-03-12,2017,3,March,Sunday,10,True,1
2017-03-13,2017,3,March,Monday,11,False,1
2017-03-14,2017,3,March,Tuesday,11,False,1
2017-03-15,2017,3,March,Wednesday,11,False,1
2017-03-16,2017,3,March,Thursday,11,False,1
2017-03-17,2017,3,March,Friday,11,False,1
2017-03-18,2017,3,March,Saturday,11,True,1
2017-03-19,2017,3,March,Sunday,11,True,1
2017-03-20,2017,3,March,Monday,12,False,1
2017-03-21,2017,3,March,Tuesday,12,False,1
2017-03-22,2017,3,March,Wednesday,12,False,1
2017-03-23,2017,3,March,Thursday,12,False,1
2017-03-24,2017,3,March,Friday,12,False,1
2017-03-25,2017,3,March,Saturday,12,True,1
2017-03-26,2017,3,March,Sunday,12,True,1
2017-03-27,2017,3,March,Monday,13,False,1
2017-03-28,2017,3,March,Tuesday,13,False,1
2017-03-29,2017,3,March,Wednesday,13,False,1
2017-03-30,2017,3,March,Thursday,13,False,1
2017-03-31,2017,3,March,Friday,13,False,1
2017-04-01,2017,4,April,Saturday,13,True,2
2017-04-02,2017,4,April,Sunday,13,True,2
2017-04-03,2017,4,April,Monday,14,False,2
2017-04-04,2017,4,April,Tuesday,14,False,2
2017-04-05,2017,4,April,Wednesday,14,False,2
2017-04-06,2017,4,April,Thursday,14,False,2
2017-04-07,2017,4,April,Friday,14,False,2
2017-04-08,2017,4,April,Saturday,14,True,2
2017-04-09,2017,4,April,Sunday,14,True,2
2017-04-10,2017,4,April,Monday,15,False,2
2017-04-11,2017,4,April,Tuesday,15,False,2
2017-04-12,2017,4,April,Wednesday,15,False,2
2017-04-13,2017,4,April,Thursday,15,False,2
2017-04-14,2017,4,April,Friday,15,False,2
2017-04-15,2017,4,April,Saturday,15,True,2
2017-04-16,2017,4,April,Sunday,15,True,2
2017-04-17,2017,4,April,Monday,16,False,2
2017-04-18,2017,4,April,Tuesday,16,False,2
2017-04-19,2017,4,April,Wednesday,16,False,2
2017-04-20,2017,4,April,Thursday,16,False,2
2017-04-21,2017,4,April,Friday,16,False,2
2017-04-22,2017,4,April,Saturday,16,True,2
2017-04-23,2017,4,April,Sunday,16,True,2
2017-04-24,2017,4,April,Monday,17,False,2
2017-04-25,2017,4,April,Tuesday,17,False,2
2017-04-26,2017,4,April,Wednesday,17,False,2
2017-04-27,2017,4,April,Thursday,17,False,2
2017-04-28,2017,4,April,Friday,17,False,2
2017-04-29,2017,4,April,Saturday,17,True,2
2017-04-30,2017,4,April,Sunday,17,True,2
2017-05-01,2017,5,May,Monday,18,False,2
2017-05-02,2017,5,May,Tuesday,18,False,2
2017-05-03,2017,5,May,Wednesday,18,False,2
2017-05-04,2017,5,May,Thursday,18,False,2
2017-05-05,2017,5,May,Friday,18,False,2
2017-05-06,2017,5,May,Saturday,18,True,2
2017-05-07,2017,5,May,Sunday,18,True,2
2017-05-08,2017,5,May,Monday,19,False,2
2017-05-09,2017,5,May,Tuesday,19,False,2
2017-05-10,2017,5,May,Wednesday,19,False,2
2017-05-11,2017,5,May,Thursday,19,False,2
2017-05-12,2017,5,May,Friday,19,False,2
2017-05-13,2017,5,May,Saturday,19,True,2
2017-05-14,2017,5,May,Sunday,19,True,2
2017-05-15,2017,5,May,Monday,20,False,2
2017-05-16,2017,5,May,Tuesday,20,False,2
2017-05-17,2017,5,May,Wednesday,20,False,2
2017-05-18,2017,5,May,Thursday,20,False,2
2017-05-19,2017,5,May,Friday,20,False,2
2017-05-20,2017,5,May,Saturday,20,True,2
2017-05-21,2017,5,May,Sunday,20,True,2
2017-05-22,2017,5,May,Monday,21,False,2
2017-05-23,2017,5,May,Tuesday,21,False,2
2017-05-24,2017,5,May,Wednesday,21,False,2
2017-05-25,2017,5,May,Thursday,21,False,2
2017-05-26,2017,5,May,Friday,21,False,2
2017-05-27,2017,5,May,Saturday,21,True,2
2017-05-28,2017,5,May,Sunday,21,True,2
2017-05-29,2017,5,May,Monday,22,False,2
2017-05-30,2017,5,May,Tuesday,22,False,2
2017-05-31,2017,5,May,Wednesday,22,False,2
2017-06-01,2017,6,June,Thursday,22,False,2
2017-06-02,2017,6,June,Friday,22,False,2
2017-06-03,2017,6,June,Saturday,22,True,2
2017-06-04,2017,6,June,Sunday,22,True,2
2017-06-05,2017,6,June,Monday,23,False,2
2017-06-06,2017,6,June,Tuesday,23,False,2
2017-06-07,2017,6,June,Wednesday,23,False,2
2017-06-08,2017,6,June,Thursday,23,False,2
2017-06-09,2017,6,June,Friday,23,False,2
2017-06-10,2017,6,June,Saturday,23,True,2
2017-06-11,2017,6,June,Sunday,23,True,2
2017-06-12,2017,6,June,Monday,24,False,2
2017-06-13,2017,6,June,Tuesday,24,False,2
2017-06-14,2017,6,June,Wednesday,24,False,2
2017-06-15,2017,6,June,Thursday,24,False,2
2017-06-16,2017,6,June,Friday,24,False,2
2017-06-17,2017,6,June,Saturday,24,True,2
2017-06-18,2017,6,June,Sunday,24,True,2
2017-06-19,2017,6,June,Monday,25,False,2
2017-06-20,2017,6,June,Tuesday,25,False,2
2017-06-21,2017,6,June,Wednesday,25,False,2
2017-06-22,2017,6,June,Thursday,25,False,2
2017-06-23,2017,6,June,Friday,25,False,2
2017-06-24,2017,6,June,Saturday,25,True,2
2017-06-25,2017,6,June,Sunday,25,True,2
2017-06-26,2017,6,June,Monday,26,False,2
2017-06-27,2017,6,June,Tuesday,26,False,2
2017-06-28,2017,6,June,Wednesday,26,False,2
2017-06-29,2017,6,June,Thursday,26,False,2
2017-06-30,2017,6,June,Friday,26,False,2
2017-07-01,2017,7,July,Saturday,26,True,3
2017-07-02,2017,7,July,Sunday,26,True,3
2017-07-03,2017,7,July,Monday,27,False,3
2017-07-04,2017,7,July,Tuesday,27,False,3
2017-07-05,2017,7,July,Wednesday,27,False,3
2017-07-06,2017,7,July,Thursday,27,False,3
2017-07-07,2017,7,July,Friday,27,False,3
2017-07-08,2017,7,July,Saturday,27,True,3
2017-07-09,2017,7,July,Sunday,27,True,3
2017-07-10,2017,7,July,Monday,28,False,3
2017-07-11,2017,7,July,Tuesday,28,False,3
2017-07-12,2017,7,July,Wednesday,28,False,3
2017-07-13,2017,7,July,Thursday,28,False,3
2017-07-14,2017,7,July,Friday,28,False,3
2017-07-15,2017,7,July,Saturday,28,True,3
2017-07-16,2017,7,July,Sunday,28,True,3
2017-07-17,2017,7,July,Monday,29,False,3
2017-07-18,2017,7,July,Tuesday,29,False,3
2017-07-19,2017,7,July,Wednesday,29,False,3
2017-07-20,2017,7,July,Thursday,29,False,3
2017-07-21,2017,7,July,Friday,29,False,3
2017-07-22,2017,7,July,Saturday,29,True,3
2017-07-23,2017,7,July,Sunday,29,True,3
2017-07-24,2017,7,July,Monday,30,False,3
2017-07-25,2017,7,July,Tuesday,30,False,3
2017-07-26,2017,7,July,Wednesday,30,False,3
2017-07-27,2017,7,July,Thursday,30,False,3
2017-07-28,2017,7,July,Friday,30,False,3
2017-07-29,2017,7,July,Saturday,30,True,3
2017-07-30,2017,7,July,Sunday,30,True,3
2017-07-31,2017,7,July,Monday,31,False,3
2017-08-01,2017,8,August,Tuesday,31,False,3
2017-08-02,2017,8,August,Wednesday,31,False,3
2017-08-03,2017,8,August,Thursday,31,False,3
2017-08-04,2017,8,August,Friday,31,False,3
2017-08-05,2017,8,August,Saturday,31,True,3
2017-08-06,2017,8,August,Sunday,31,True,3
2017-08-07,2017,8,August,Monday,32,False,3
2017-08-08,2017,8,August,Tuesday,32,False,3
2017-08-09,2017,8,August,Wednesday,32,False,3
2017-08-10,2017,8,August,Thursday,32,False,3
2017-08-11,2017,8,August,Friday,32,False,3
2017-08-12,2017,8,August,Saturday,32,True,3
2017-08-13,2017,8,August,Sunday,32,True,3
2017-08-14,2017,8,August,Monday,33,False,3
2017-08-15,2017,8,August,Tuesday,33,False,3
2017-08-16,2017,8,August,Wednesday,33,False,3
2017-08-17,2017,8,August,Thursday,33,False,3
2017-08-18,2017,8,August,Friday,33,False,3
2017-08-19,2017,8,August,Saturday,33,True,3
2017-08-20,2017,8,August,Sunday,33,True,3
2017-08-21,2017,8,August,Monday,34,False,3
2017-08-22,2017,8,August,Tuesday,34,False,3
2017-08-23,2017,8,August,Wednesday,34,False,3
2017-08-24,2017,8,August,Thursday,34,False,3
2017-08-25,2017,8,August,Friday,34,False,3
2017-08-26,2017,8,August,Saturday,34,True,3
2017-08-27,2017,8,August,Sunday,34,True,3
2017-08-28,2017,8,August,Monday,35,False,3
2017-08-29,2017,8,August,Tuesday,35,False,3
2017-08-30,2017,8,August,Wednesday,35,False,3
2017-08-31,2017,8,August,Thursday,35,False,3
2017-09-01,2017,9,September,Friday,35,False,3
2017-09-02,2017,9,September,Saturday,35,True,3
2017-09-03,2017,9,September,Sunday,35,True,3
2017-09-04,2017,9,September,Monday,36,False,3
2017-09-05,2017,9,September,Tuesday,36,False,3
2017-09-06,2017,9,September,Wednesday,36,False,3
2017-09-07,2017,9,September,Thursday,36,False,3
2017-09-08,2017,9,September,Friday,36,False,3
2017-09-09,2017,9,September,Saturday,36,True,3
2017-09-10,2017,9,September,Sunday,36,True,3
2017-09-11,2017,9,September,Monday,37,False,3
2017-09-12,2017,9,September,Tuesday,37,False,3
2017-09-13,2017,9,September,Wednesday,37,False,3
2017-09-14,2017,9,September,Thursday,37,False,3
2017-09-15,2017,9,September,Friday,37,False,3
2017-09-16,2017,9,September,Saturday,37,True,3
2017-09-17,2017,9,September,Sunday,37,True,3
2017-09-18,2017,9,September,Monday,38,False,3
2017-09-19,2017,9,September,Tuesday,38,False,3
2017-09-20,2017,9,September,Wednesday,38,False,3
2017-09-21,2017,9,September,Thursday,38,False,3
2017-09-22,2017,9,September,Friday,38,False,3
2017-09-23,2017,9,September,Saturday,38,True,3
2017-09-24,2017,9,September,Sunday,38,True,3
2017-09-25,2017,9,September,Monday,39,False,3
2017-09-26,2017,9,September,Tuesday,39,False,3
2017-09-27,2017,9,September,Wednesday,39,False,3
2017-09-28,2017,9,September,Thursday,39,False,3
2017-09-29,2017,9,September,Friday,39,False,3
2017-09-30,2017,9,September,Saturday,39,True,3
2017-10-01,2017,10,October,Sunday,39,True,4
2017-10-02,2017,10,October,Monday,40,False,4
2017-10-03,2017,10,October,Tuesday,40,False,4
2017-10-04,2017,10,October,Wednesday,40,False,4
2017-10-05,2017,10,October,Thursday,40,False,4
2017-10-06,2017,10,October,Friday,40,False,4
2017-10-07,2017,10,October,Saturday,40,True,4
2017-10-08,2017,10,October,Sunday,40,True,4
2017-10-09,2017,10,October,Monday,41,False,4
2017-10-10,2017,10,October,Tuesday,41,False,4
2017-10-11,2017,10,October,Wednesday,41,False,4
2017-10-12,2017,10,October,Thursday,41,False,4
2017-10-13,2017,10,October,Friday,41,False,4
2017-10-14,2017,10,October,Saturday,41,True,4
2017-10-15,2017,10,October,Sunday,41,True,4
2017-10-16,2017,10,October,Monday,42,False,4
2017-10-17,2017,10,October,Tuesday,42,False,4
2017-10-18,2017,10,October,Wednesday,42,False,4
2017-10-19,2017,10,October,Thursday,42,False,4
2017-10-20,2017,10,October,Friday,42,False,4
2017-10-21,2017,10,October,Saturday,42,True,4
2017-10-22,2017,10,October,Sunday,42,True,4
2017-10-23,2017,10,October,Monday,43,False,4
2017-10-24,2017,10,October,Tuesday,43,False,4
2017-10-25,2017,10,October,Wednesday,43,False,4
2017-10-26,2017,10,October,Thursday,43,False,4
2017-10-27,2017,10,October,Friday,43,False,4
2017-10-28,2017,10,October,Saturday,43,True,4
2017-10-29,2017,10,October,Sunday,43,True,4
2017-10-30,2017,10,October,Monday,44,False,4
2017-10-31,2017,10,October,Tuesday,44,False,4
2017-11-01,2017,11,November,Wednesday,44,False,4
2017-11-02,2017,11,November,Thursday,44,False,4
2017-11-03,2017,11,November,Friday,44,False,4
2017-11-04,2017,11,November,Saturday,44,True,4
2017-11-05,2017,11,November,Sunday,44,True,4
2017-11-06,2017,11,November,Monday,45,False,4
2017-11-07,2017,11,November,Tuesday,45,False,4
2017-11-08,2017,11,November,Wednesday,45,False,4
2017-11-09,2017,11,November,Thursday,45,False,4
2017-11-10,2017,11,November,Friday,45,False,4
2017-11-11,2017,11,November,Saturday,45,True,4
2017-11-12,2017,11,November,Sunday,45,True,4
2017-11-13,2017,11,November,Monday,46,False,4
2017-11-14,2017,11,November,Tuesday,46,False,4
2017-11-15,2017,11,November,Wednesday,46,False,4
2017-11-16,2017,11,November,Thursday,46,False,4
2017-11-17,2017,11,November,Friday,46,False,4
2017-11-18,2017,11,November,Saturday,46,True,4
2017-11-19,2017,11,November,Sunday,46,True,4
2017-11-20,2017,11,November,Monday,47,False,4
2017-11-21,2017,11,November,Tuesday,47,False,4
2017-11-22,2017,11,November,Wednesday,47,False,4
2017-11-23,2017,11,November,Thursday,47,False,4
2017-11-24,2017,11,November,Friday,47,False,4
2017-11-25,2017,11,November,Saturday,47,True,4
2017-11-26,2017,11,November,Sunday,47,True,4
2017-11-27,2017,11,November,Monday,48,False,4
2017-11-28,2017,11,November,Tuesday,48,False,4
2017-11-29,2017,11,November,Wednesday,48,False,4
2017-11-30,2017,11,November,Thursday,48,False,4
2017-12-01,2017,12,December,Friday,48,False,4
2017-12-02,2017,12,December,Saturday,48,True,4
2017-12-03,2017,12,December,Sunday,48,True,4
2017-12-04,2017,12,December,Monday,49,False,4
2017-12-05,2017,12,December,Tuesday,49,False,4
2017-12-06,2017,12,December,Wednesday,49,False,4
2017-12-07,2017,12,December,Thursday,49,False,4
2017-12-08,2017,12,December,Friday,49,False,4
2017-12-09,2017,12,December,Saturday,49,True,4
2017-12-10,2017,12,December,Sunday,49,True,4
2017-12-11,2017,12,December,Monday,50,False,4
2017-12-12,2017,12,December,Tuesday,50,False,4
2017-12-13,2017,12,December,Wednesday,50,False,4
2017-12-14,2017,12,December,Thursday,50,False,4
2017-12-15,2017,12,December,Friday,50,False,4
2017-12-16,2017,12,December,Saturday,50,True,4
2017-12-17,2017,12,December,Sunday,50,True,4
2017-12-18,2017,12,December,Monday,51,False,4
2017-12-19,2017,12,December,Tuesday,51,False,4
2017-12-20,2017,12,December,Wednesday,51,False,4
2017-12-21,2017,12,December,Thursday,51,False,4
2017-12-22,2017,12,December,Friday,51,False,4
2017-12-23,2017,12,December,Saturday,51,True,4
2017-12-24,2017,12,December,Sunday,51,True,4
2017-12-25,2017,12,December,Monday,52,False,4
2017-12-26,2017,12,December,Tuesday,52,False,4
2017-12-27,2017,12,December,Wednesday,52,False,4
2017-12-28,2017,12,December,Thursday,52,False,4
2017-12-29,2017,12,December,Friday,52,False,4
2017-12-30,2017,12,December,Saturday,52,True,4
2017-12-31,2017,12,December,Sunday,52,True,4
2018-01-01,2018,1,January,Monday,1,False,1
2018-01-02,2018,1,January,Tuesday,1,False,1
2018-01-03,2018,1,January,Wednesday,1,False,1
2018-01-04,2018,1,January,Thursday,1,False,1
2018-01-05,2018,1,January,Friday,1,False,1
2018-01-06,2018,1,January,Saturday,1,True,1
2018-01-07,2018,1,January,Sunday,1,True,1
2018-01-08,2018,1,January,Monday,2,False,1
2018-01-09,2018,1,January,Tuesday,2,False,1
2018-01-10,2018,1,January,Wednesday,2,False,1
2018-01-11,2018,1,January,Thursday,2,False,1
2018-01-12,2018,1,January,Friday,2,False,1
2018-01-13,2018,1,January,Saturday,2,True,1
2018-01-14,2018,1,January,Sunday,2,True,1
2018-01-15,2018,1,January,Monday,3,False,1
2018-01-16,2018,1,January,Tuesday,3,False,1
2018-01-17,2018,1,January,Wednesday,3,False,1
2018-01-18,2018,1,January,Thursday,3,False,1
2018-01-19,2018,1,January,Friday,3,False,1
2018-01-20,2018,1,January,Saturday,3,True,1
2018-01-21,2018,1,January,Sunday,3,True,1
2018-01-22,2018,1,January,Monday,4,False,1
2018-01-23,2018,1,January,Tuesday,4,False,1
2018-01-24,2018,1,January,Wednesday,4,False,1
2018-01-25,2018,1,January,Thursday,4,False,1
2018-01-26,2018,1,January,Friday,4,False,1
2018-01-27,2018,1,January,Saturday,4,True,1
2018-01-28,2018,1,January,Sunday,4,True,1
2018-01-29,2018,1,January,Monday,5,False,1
2018-01-30,2018,1,January,Tuesday,5,False,1
2018-01-31,2018,1,January,Wednesday,5,False,1
2018-02-01,2018,2,February,Thursday,5,False,1
2018-02-02,2018,2,February,Friday,5,False,1
2018-02-03,2018,2,February,Saturday,5,True,1
2018-02-04,2018,2,February,Sunday,5,True,1
2018-02-05,2018,2,February,Monday,6,False,1
2018-02-06,2018,2,February,Tuesday,6,False,1
2018-02-07,2018,2,February,Wednesday,6,False,1
2018-02-08,2018,2,February,Thursday,6,False,1
2018-02-09,2018,2,February,Friday,6,False,1
2018-02-10,2018,2,February,Saturday,6,True,1
2018-02-11,2018,2,February,Sunday,6,True,1
2018-02-12,2018,2,February,Monday,7,False,1
2018-02-13,2018,2,February,Tuesday,7,False,1
2018-02-14,2018,2,February,Wednesday,7,False,1
2018-02-15,2018,2,February,Thursday,7,False,1
2018-02-16,2018,2,February,Friday,7,False,1
2018-02-17,2018,2,February,Saturday,7,True,1
2018-02-18,2018,2,February,Sunday,7,True,1
2018-02-19,2018,2,February,Monday,8,False,1
2018-02-20,2018,2,February,Tuesday,8,False,1
2018-02-21,2018,2,February,Wednesday,8,False,1
2018-02-22,2018,2,February,Thursday,8,False,1
2018-02-23,2018,2,February,Friday,8,False,1
2018-02-24,2018,2,February,Saturday,8,True,1
2018-02-25,2018,2,February,Sunday,8,True,1
2018-02-26,2018,2,February,Monday,9,False,1
2018-02-27,2018,2,February,Tuesday,9,False,1
2018-02-28,2018,2,February,Wednesday,9,False,1
2018-03-01,2018,3,March,Thursday,9,False,1
2018-03-02,2018,3,March,Friday,9,False,1
2018-03-03,2018,3,March,Saturday,9,True,1
2018-03-04,2018,3,March,Sunday,9,True,1
2018-03-05,2018,3,March,Monday,10,False,1
2018-03-06,2018,3,March,Tuesday,10,False,1
2018-03-07,2018,3,March,Wednesday,10,False,1
2018-03-08,2018,3,March,Thursday,10,False,1
2018-03-09,2018,3,March,Friday,10,False,1
2018-03-10,2018,3,March,Saturday,10,True,1
2018-03-11,2018,3,March,Sunday,10,True,1
2018-03-12,2018,3,March,Monday,11,False,1
2018-03-13,2018,3,March,Tuesday,11,False,1
2018-03-14,2018,3,March,Wednesday,11,False,1
2018-03-15,2018,3,March,Thursday,11,False,1
2018-03-16,2018,3,March,Friday,11,False,1
2018-03-17,2018,3,March,Saturday,11,True,1
2018-03-18,2018,3,March,Sunday,11,True,1
2018-03-19,2018,3,March,Monday,12,False,1
2018-03-20,2018,3,March,Tuesday,12,False,1
2018-03-21,2018,3,March,Wednesday,12,False,1
2018-03-22,2018,3,March,Thursday,12,False,1
2018-03-23,2018,3,March,Friday,12,False,1
2018-03-24,2018,3,March,Saturday,12,True,1
2018-03-25,2018,3,March,Sunday,12,True,1
2018-03-26,2018,3,March,Monday,13,False,1
2018-03-27,2018,3,March,Tuesday,13,False,1
2018-03-28,2018,3,March,Wednesday,13,False,1
2018-03-29,2018,3,March,Thursday,13,False,1
2018-03-30,2018,3,March,Friday,13,False,1
2018-03-31,2018,3,March,Saturday,13,True,1
2018-04-01,2018,4,April,Sunday,13,True,2
2018-04-02,2018,4,April,Monday,14,False,2
2018-04-03,2018,4,April,Tuesday,14,False,2
2018-04-04,2018,4,April,Wednesday,14,False,2
2018-04-05,2018,4,April,Thursday,14,False,2
2018-04-06,2018,4,April,Friday,14,False,2
2018-04-07,2018,4,April,Saturday,14,True,2
2018-04-08,2018,4,April,Sunday,14,True,2
2018-04-09,2018,4,April,Monday,15,False,2
2018-04-10,2018,4,April,Tuesday,15,False,2
2018-04-11,2018,4,April,Wednesday,15,False,2
2018-04-12,2018,4,April,Thursday,15,False,2
2018-04-13,2018,4,April,Friday,15,False,2
2018-04-14,2018,4,April,Saturday,15,True,2
2018-04-15,2018,4,April,Sunday,15,True,2
2018-04-16,2018,4,April,Monday,16,False,2
2018-04-17,2018,4,April,Tuesday,16,False,2
2018-04-18,2018,4,April,Wednesday,16,False,2
2018-04-19,2018,4,April,Thursday,16,False,2
2018-04-20,2018,4,April,Friday,16,False,2
2018-04-21,2018,4,April,Saturday,16,True,2
2018-04-22,2018,4,April,Sunday,16,True,2
2018-04-23,2018,4,April,Monday,17,False,2
2018-04-24,2018,4,April,Tuesday,17,False,2
2018-04-25,2018,4,April,Wednesday,17,False,2
2018-04-26,2018,4,April,Thursday,17,False,2
2018-04-27,2018,4,April,Friday,17,False,2
2018-04-28,2018,4,April,Saturday,17,True,2
2018-04-29,2018,4,April,Sunday,17,True,2
2018-04-30,2018,4,April,Monday,18,False,2
2018-05-01,2018,5,May,Tuesday,18,False,2
2018-05-02,2018,5,May,Wednesday,18,False,2
2018-05-03,2018,5,May,Thursday,18,False,2
2018-05-04,2018,5,May,Friday,18,False,2
2018-05-05,2018,5,May,Saturday,18,True,2
2018-05-06,2018,5,May,Sunday,18,True,2
2018-05-07,2018,5,May,Monday,19,False,2
2018-05-08,2018,5,May,Tuesday,19,False,2
2018-05-09,2018,5,May,Wednesday,19,False,2
2018-05-10,2018,5,May,Thursday,19,False,2
2018-05-11,2018,5,May,Friday,19,False,2
2018-05-12,2018,5,May,Saturday,19,True,2
2018-05-13,2018,5,May,Sunday,19,True,2
2018-05-14,2018,5,May,Monday,20,False,2
2018-05-15,2018,5,May,Tuesday,20,False,2
2018-05-16,2018,5,May,Wednesday,20,False,2
2018-05-17,2018,5,May,Thursday,20,False,2
2018-05-18,2018,5,May,Friday,20,False,2
2018-05-19,2018,5,May,Saturday,20,True,2
2018-05-20,2018,5,May,Sunday,20,True,2
2018-05-21,2018,5,May,Monday,21,False,2
2018-05-22,2018,5,May,Tuesday,21,False,2
2018-05-23,2018,5,May,Wednesday,21,False,2
2018-05-24,2018,5,May,Thursday,21,False,2
2018-05-25,2018,5,May,Friday,21,False,2
2018-05-26,2018,5,May,Saturday,21,True,2
2018-05-27,2018,5,May,Sunday,21,True,2
2018-05-28,2018,5,May,Monday,22,False,2
2018-05-29,2018,5,May,Tuesday,22,False,2
2018-05-30,2018,5,May,Wednesday,22,False,2
2018-05-31,2018,5,May,Thursday,22,False,2
2018-06-01,2018,6,June,Friday,22,False,2
2018-06-02,2018,6,June,Saturday,22,True,2
2018-06-03,2018,6,June,Sunday,22,True,2
2018-06-04,2018,6,June,Monday,23,False,2
2018-06-05,2018,6,June,Tuesday,23,False,2
2018-06-06,2018,6,June,Wednesday,23,False,2
2018-06-07,2018,6,June,Thursday,23,False,2
2018-06-08,2018,6,June,Friday,23,False,2
2018-06-09,2018,6,June,Saturday,23,True,2
2018-06-10,2018,6,June,Sunday,23,True,2
2018-06-11,2018,6,June,Monday,24,False,2
2018-06-12,2018,6,June,Tuesday,24,False,2
2018-06-13,2018,6,June,Wednesday,24,False,2
2018-06-14,2018,6,June,Thursday,24,False,2
2018-06-15,2018,6,June,Friday,24,False,2
2018-06-16,2018,6,June,Saturday,24,True,2
2018-06-17,2018,6,June,Sunday,24,True,2
2018-06-18,2018,6,June,Monday,25,False,2
2018-06-19,2018,6,June,Tuesday,25,False,2
2018-06-20,2018,6,June,Wednesday,25,False,2
2018-06-21,2018,6,June,Thursday,25,False,2
2018-06-22,2018,6,June,Friday,25,False,2
2018-06-23,2018,6,June,Saturday,25,True,2
2018-06-24,2018,6,June,Sunday,25,True,2
2018-06-25,2018,6,June,Monday,26,False,2
2018-06-26,2018,6,June,Tuesday,26,False,2
2018-06-27,2018,6,June,Wednesday,26,False,2
2018-06-28,2018,6,June,Thursday,26,False,2
2018-06-29,2018,6,June,Friday,26,False,2
2018-06-30,2018,6,June,Saturday,26,True,2
2018-07-01,2018,7,July,Sunday,26,True,3
2018-07-02,2018,7,July,Monday,27,False,3
2018-07-03,2018,7,July,Tuesday,27,False,3
2018-07-04,2018,7,July,Wednesday,27,False,3
2018-07-05,2018,7,July,Thursday,27,False,3
2018-07-06,2018,7,July,Friday,27,False,3
2018-07-07,2018,7,July,Saturday,27,True,3
2018-07-08,2018,7,July,Sunday,27,True,3
2018-07-09,2018,7,July,Monday,28,False,3
2018-07-10,2018,7,July,Tuesday,28,False,3
2018-07-11,2018,7,July,Wednesday,28,False,3
2018-07-12,2018,7,July,Thursday,28,False,3
2018-07-13,2018,7,July,Friday,28,False,3
2018-07-14,2018,7,July,Saturday,28,True,3
2018-07-15,2018,7,July,Sunday,28,True,3
2018-07-16,2018,7,July,Monday,29,False,3
2018-07-17,2018,7,July,Tuesday,29,False,3
2018-07-18,2018,7,July,Wednesday,29,False,3
2018-07-19,2018,7,July,Thursday,29,False,3
2018-07-20,2018,7,July,Friday,29,False,3
2018-07-21,2018,7,July,Saturday,29,True,3
2018-07-22,2018,7,July,Sunday,29,True,3
2018-07-23,2018,7,July,Monday,30,False,3
2018-07-24,2018,7,July,Tuesday,30,False,3
2018-07-25,2018,7,July,Wednesday,30,False,3
2018-07-26,2018,7,July,Thursday,30,False,3
2018-07-27,2018,7,July,Friday,30,False,3
2018-07-28,2018,7,July,Saturday,30,True,3
2018-07-29,2018,7,July,Sunday,30,True,3
2018-07-30,2018,7,July,Monday,31,False,3
2018-07-31,2018,7,July,Tuesday,31,False,3
2018-08-01,2018,8,August,Wednesday,31,False,3
2018-08-02,2018,8,August,Thursday,31,False,3
2018-08-03,2018,8,August,Friday,31,False,3
2018-08-04,2018,8,August,Saturday,31,True,3
2018-08-05,2018,8,August,Sunday,31,True,3
2018-08-06,2018,8,August,Monday,32,False,3
2018-08-07,2018,8,August,Tuesday,32,False,3
2018-08-08,2018,8,August,Wednesday,32,False,3
2018-08-09,2018,8,August,Thursday,32,False,3
2018-08-10,2018,8,August,Friday,32,False,3
2018-08-11,2018,8,August,Saturday,32,True,3
2018-08-12,2018,8,August,Sunday,32,True,3
2018-08-13,2018,8,August,Monday,33,False,3
2018-08-14,2018,8,August,Tuesday,33,False,3
2018-08-15,2018,8,August,Wednesday,33,False,3
2018-08-16,2018,8,August,Thursday,33,False,3
2018-08-17,2018,8,August,Friday,33,False,3
2018-08-18,2018,8,August,Saturday,33,True,3
2018-08-19,2018,8,August,Sunday,33,True,3
2018-08-20,2018,8,August,Monday,34,False,3
2018-08-21,2018,8,August,Tuesday,34,False,3
2018-08-22,2018,8,August,Wednesday,34,False,3
2018-08-23,2018,8,August,Thursday,34,False,3
2018-08-24,2018,8,August,Friday,34,False,3
2018-08-25,2018,8,August,Saturday,34,True,3
2018-08-26,2018,8,August,Sunday,34,True,3
2018-08-27,2018,8,August,Monday,35,False,3
2018-08-28,2018,8,August,Tuesday,35,False,3
2018-08-29,2018,8,August,Wednesday,35,False,3
2018-08-30,2018,8,August,Thursday,35,False,3
2018-08-31,2018,8,August,Friday,35,False,3
2018-09-01,2018,9,September,Saturday,35,True,3
2018-09-02,2018,9,September,Sunday,35,True,3
2018-09-03,2018,9,September,Monday,36,False,3
2018-09-04,2018,9,September,Tuesday,36,False,3
2018-09-05,2018,9,September,Wednesday,36,False,3
2018-09-06,2018,9,September,Thursday,36,False,3
2018-09-07,2018,9,September,Friday,36,False,3
2018-09-08,2018,9,September,Saturday,36,True,3
2018-09-09,2018,9,September,Sunday,36,True,3
2018-09-10,2018,9,September,Monday,37,False,3
2018-09-11,2018,9,September,Tuesday,37,False,3
2018-09-12,2018,9,September,Wednesday,37,False,3
2018-09-13,2018,9,September,Thursday,37,False,3
2018-09-14,2018,9,September,Friday,37,False,3
2018-09-15,2018,9,September,Saturday,37,True,3
2018-09-16,2018,9,September,Sunday,37,True,3
2018-09-17,2018,9,September,Monday,38,False,3
2018-09-18,2018,9,September,Tuesday,38,False,3
2018-09-19,2018,9,September,Wednesday,38,False,3
2018-09-20,2018,9,September,Thursday,38,False,3
2018-09-21,2018,9,September,Friday,38,False,3
2018-09-22,2018,9,September,Saturday,38,True,3
